name,sort
Steve's Test Customer v1,100
Boston Beer Company,100
eric test customer 2021.07.21,100
FIG123,100
Accounting Customm,100
Accounting  Customer,100
test--102,100
Pepsi Pvt Ltd,100
test2 customer,100
Keiko,100
Ron Test,100
Ron Test 222,100
eric customer 2021.07.1,100
Halo34342,100
Esta,100
Elizabeth Mader 0806223,100
Krusty Krab,100
EDI Test Customer 1,100
MikeSushi1,100
Ryan's Customer,100
Cookie Dynamics,100
Aarti Test Customer,100
Aarti Test Custome_Updated,100
Prathameshtest1,100
Prathameshtest1,100
Hiller Customer 1,100
Marissa Test Customer45,100
Prathameshtest3,100
prathameshtest4,100
prathameshtest5,100
Critter Corner12,100
Royal Customer,100
Henal Customer,100
RO Test Customer123,100
Pallavi RE,100
TEST MG,100
Ryan's Rare Relics,100
Bucky's Tshirts,100
Erin Test,100
Belina's Bakery,100
Ryan's Customer 2,100
Moulton Co.,100
Mateo's Fried Chicken,100
Coco Customer,100
Test Customer 18,100
Eric's Dev V2 Test Customer,100
Cabela's LaVista,100
â˜¢ unicode customer â˜¢,100
Accountin Customer,100
test,100
test,100
test_amber,100
Deadhead Customer 1,100
Pallavi R,100
JJ Cust 1,100
JJ cust 2,100
TEST_AUG2420219514590,100
TEST_AUG24202191635248,100
TEST_AUG2420219209841,100
Cust29Manjiri4101w1,100
TEST_AUG24202192341974,100
TEST_AUG24202192417141,100
TEST_AUG24202192935721,100
TEST_AUG242021101038689,100
TEST_AUG242021101237499,100
TEST_AUG242021101335964,100
TEST_AUG242021101933409,100
TEST_AUG24202110253620,100
TEST_AUG242021104049867,100
TEST_AUG242021105757964,100
TEST_AUG24202111128193,100
TEST_AUG24202111211216,100
TEST_AUG242021112153525,100
TEST_AUG242021112239939,100
TEST_AUG242021112444342,100
TEST_AUG242021112637268,100
TEST_AUG242021113049306,100
TEST_AUG242021115011506,100
API Customer_0824,100
Hiller Customer 2,100
TEST_AUG242021135951690,100
TEST_AUG24202114020210,100
4Kites Ric Customer,100
P44 Ric Cust,100
P44 Ric Cust DevV2,100
H Credit Customer,100
H EDI Customer,100
TEST_AUG25202181911938,100
TEST_AUG25202181932808,100
API Customer_0825,100
TEST_AUG252021102932993,100
TEST_AUG252021102950243,100
TEST_AUG252021103046770,100
TEST_AUG25202112357979,100
TEST_AUG25202112849167,100
Jack Johnson1233,100
Bing's Deli,100
TEST_AUG252021151242823,100
TEST_AUG26202193627921,100
TEST_AUG2620219375422,100
TEST_AUG26202194120550,100
TEST_AUG262021101522412,100
TEST_AUG26202111227938,100
TEST_AUG262021111244875,100
Kelly's Green Scooters,100
Alex's Anvils,100
Amol Test Customer,100
Husker Goods,100
All Maple,100
KC Goods,100
Mary's Goods,100
Connor's test customer v2 dev,100
Quilting Supplies Co,100
Surfboards R Us,100
The Good Stuff,100
Rich TEST Cooooo,100
max test cust mk.3,100
10-4 Ric Customer,100
Reed's Test Carrier,100
Steve's No Credit Customer,100
test,100
BranTest,100
TEST_SEP03202183717477,100
CustomerABC,100
Kurkure Masala Munch,100
Acme Customer,100
123 Customer,100
Corey,100
TEST_SEP072021103432941,100
1234 Customer,100
Directives grid-enabled Customer,100
vertical Mews Customer,100
archive Small Customer,100
Steel Agent Customer,100
ROI Franc Customer,100
Associate Computer Customer,100
Chocolate Shoppe,100
API Givens D,100
RBA FL Customer,100
Argh,100
omkar_p44,100
Nick,100
Mickey,100
RBA-Dev Customer,100
hp12324578,100
Micke,100
MasterMind Testing Customer,100
MasterMind Testing Customer,100
MasterMind Testing Customer,100
MasterMind Testing Customer,100
MasterMind Testing Customer,100
MasterMind Testing Customer,100
MasterMind Testing Customer,100
MasterMind Testing Customer,100
MasterMind Testing Customer,100
MasterMind Testing Customer,100
MasterMind Testing Customer,100
MasterMind Testing Customer,100
MasterMind Testing Customer,100
MasterMind Testing Customer,100
MasterMind Testing Customer,100
MasterMind Testing Customer,100
MasterMind Testing Customer,100
MasterMind Testing Customer,100
MasterMind Testing Customer,100
MasterMind Testing Customer,100
MasterMind Testing Customer,100
MasterMind Testing Customer,100
MasterMind Testing Customer,100
MasterMind Testing Customer,100
MasterMind Testing Customer,100
MasterMind Testing Customer,100
MasterMind Testing Customer,100
MasterMind Testing Customer,100
MasterMind Testing Customer,100
MasterMind Testing Customer,100
MasterMind Testing Customer,100
MasterMind Testing Customer,100
MasterMind Testing Customer,100
Loopin' Louie ,100
EDI Dev V2 Customer,100
API Customer_0916,100
omigreen,100
MasterMind Testing Customer,100
MasterMind Testing Customer,100
Mkozi Testing Shipping,100
Pallavi V2 Customer,100
Seema Customer,100
Test Customer 1804,100
Fleener Lumber,100
Bartsch Farms NorthWest,100
Home deposit Customer,100
Salad Sleek Customer,100
Bacon Administrator Customer,100
Domino's,100
H&M Customer,100
models Road Customer,100
driver indexing Customer,100
Garrett Test Customer,100
,
